order_id,order_amount_paise,currency,order_datetime,customer_id,order_status,payment_method
ORD4510,89999,INR,2026-08-10T08:04:00,CUST1008,paid,upi
ORD4138,29999,INR,2026-08-10T08:08:00,CUST1025,paid,upi
ORD4442,34999,INR,2026-08-10T08:16:00,CUST1314,paid,card
ORD4356,59999,INR,2026-08-10T08:30:00,CUST1220,paid,card
ORD4397,59900,INR,2026-08-10T08:35:00,CUST1368,paid,card
ORD4940,19999,INR,2026-08-10T08:42:00,CUST1217,paid,card
ORD4228,59900,INR,2026-08-10T09:18:00,CUST1172,paid,upi
ORD4175,120000,INR,2026-08-10T09:26:00,CUST1195,paid,upi
ORD4670,29950,INR,2026-08-10T10:02:00,CUST1106,paid,wallet
ORD4712,19950,INR,2026-08-10T10:22:00,CUST1221,paid,upi
ORD4357,59950,INR,2026-08-10T10:48:00,CUST1090,paid,upi
ORD4303,59900,INR,2026-08-10T10:51:00,CUST1216,paid,upi
ORD4988,75000,INR,2026-08-10T11:00:00,CUST1064,paid,card
ORD4881,29900,INR,2026-08-10T11:43:00,CUST1168,paid,card
ORD4387,29900,INR,2026-08-10T11:47:00,CUST1038,paid,card
ORD4810,29900,INR,2026-08-10T11:48:00,CUST1221,paid,upi
ORD4139,49900,INR,2026-08-10T11:49:00,CUST1017,paid,wallet
ORD4697,24999,INR,2026-08-10T11:54:00,CUST1102,paid,netbanking
ORD4361,49999,INR,2026-08-10T12:00:00,CUST1244,paid,upi
ORD4579,45000,INR,2026-08-10T12:01:00,CUST1141,paid,card
ORD4620,120099,INR,2026-08-10T12:32:00,CUST1020,paid,wallet
ORD4914,120000,INR,2026-08-10T12:32:00,CUST1208,paid,upi
ORD4961,24950,INR,2026-08-10T12:37:00,CUST1217,paid,upi
ORD4004,45050,INR,2026-08-10T12:49:00,CUST1198,paid,card
ORD4450,29900,INR,2026-08-10T12:52:00,CUST1135,paid,netbanking
ORD4553,24999,INR,2026-08-10T13:05:00,CUST1055,paid,upi
ORD4231,59950,INR,2026-08-10T13:13:00,CUST1161,paid,upi
ORD4022,45099,INR,2026-08-10T13:16:00,CUST1090,paid,card
ORD4093,49900,INR,2026-08-10T13:20:00,CUST1307,paid,upi
ORD4340,29900,INR,2026-08-10T13:20:00,CUST1144,paid,upi
ORD4665,24900,INR,2026-08-10T13:22:00,CUST1010,paid,upi
ORD4070,49900,INR,2026-08-10T13:28:00,CUST1169,paid,upi
ORD4569,34900,INR,2026-08-10T13:31:00,CUST1232,paid,upi
ORD4661,899900,INR,2026-08-10T13:36:00,CUST1233,paid,upi
ORD4775,45050,INR,2026-08-10T14:03:00,CUST1112,paid,upi
ORD4656,24950,INR,2026-08-10T14:04:00,CUST1165,paid,card
ORD4612,29900,INR,2026-08-10T14:09:00,CUST1210,paid,upi
ORD4607,24900,INR,2026-08-10T14:12:00,CUST1133,paid,card
ORD4365,575000,INR,2026-08-10T14:14:00,CUST1334,paid,upi
ORD4643,24900,INR,2026-08-10T14:14:00,CUST1163,paid,upi
ORD4823,59999,INR,2026-08-10T14:27:00,CUST1375,paid,card
ORD4986,45000,INR,2026-08-10T14:40:00,CUST1161,paid,upi
ORD4013,89900,INR,2026-08-10T14:45:00,CUST1018,paid,upi
ORD4809,49900,INR,2026-08-10T15:03:00,CUST1357,paid,card
ORD4332,34900,INR,2026-08-10T15:07:00,CUST1068,paid,netbanking
ORD4976,59900,INR,2026-08-10T15:21:00,CUST1274,paid,card
ORD4598,49999,INR,2026-08-10T15:25:00,CUST1112,paid,upi
ORD4382,49900,INR,2026-08-10T15:28:00,CUST1204,paid,upi
ORD4918,399900,INR,2026-08-10T15:43:00,CUST1367,paid,upi
ORD4955,19900,INR,2026-08-10T15:50:00,CUST1198,paid,upi
ORD4028,120000,INR,2026-08-10T16:12:00,CUST1174,paid,netbanking
ORD4705,1250000,INR,2026-08-10T16:34:00,CUST1039,paid,netbanking
ORD4460,49900,INR,2026-08-10T16:43:00,CUST1042,paid,upi
ORD4493,399900,INR,2026-08-10T16:51:00,CUST1352,paid,upi
ORD4548,29950,INR,2026-08-10T16:53:00,CUST1283,paid,upi
ORD4886,49900,INR,2026-08-10T17:11:00,CUST1275,paid,card
ORD4453,89900,INR,2026-08-10T17:18:00,CUST1010,paid,upi
ORD4703,34900,INR,2026-08-10T17:20:00,CUST1250,paid,upi
ORD4233,75099,INR,2026-08-10T17:21:00,CUST1327,paid,upi
ORD4895,45050,INR,2026-08-10T17:23:00,CUST1137,refunded,upi
ORD4563,29900,INR,2026-08-10T17:42:00,CUST1035,paid,upi
ORD4320,19999,INR,2026-08-10T17:43:00,CUST1059,paid,upi
ORD4502,75050,INR,2026-08-10T17:47:00,CUST1305,paid,netbanking
ORD4709,1250000,INR,2026-08-10T17:59:00,CUST1024,paid,upi
ORD4108,89900,INR,2026-08-10T18:05:00,CUST1096,paid,upi
ORD4634,34999,INR,2026-08-10T18:13:00,CUST1183,paid,card
ORD4791,399900,INR,2026-08-10T18:52:00,CUST1281,paid,upi
ORD4802,59950,INR,2026-08-10T18:58:00,CUST1150,paid,card
ORD4094,49900,INR,2026-08-10T19:05:00,CUST1102,paid,wallet
ORD4542,899900,INR,2026-08-10T19:43:00,CUST1032,paid,upi
ORD4103,59900,INR,2026-08-10T19:45:00,CUST1013,paid,upi
ORD4557,19900,INR,2026-08-10T19:49:00,CUST1363,paid,wallet
ORD4804,575000,INR,2026-08-10T19:49:00,CUST1158,paid,card
ORD4945,29999,INR,2026-08-10T20:04:00,CUST1076,paid,upi
ORD4041,19900,INR,2026-08-10T20:08:00,CUST1016,paid,upi
ORD4338,120000,INR,2026-08-10T20:11:00,CUST1357,paid,upi
ORD4279,75000,INR,2026-08-10T20:13:00,CUST1370,paid,upi
ORD4581,120000,INR,2026-08-10T20:19:00,CUST1277,paid,card
ORD4184,75000,INR,2026-08-10T20:22:00,CUST1071,paid,upi
ORD4019,575000,INR,2026-08-10T20:26:00,CUST1315,paid,upi
ORD4751,89999,INR,2026-08-10T20:38:00,CUST1029,paid,upi
ORD4034,34950,INR,2026-08-10T20:44:00,CUST1006,paid,card
ORD4551,249900,INR,2026-08-10T21:04:00,CUST1255,paid,upi
ORD4281,19900,INR,2026-08-10T21:12:00,CUST1222,paid,card
ORD4275,19999,INR,2026-08-10T21:14:00,CUST1194,paid,upi
ORD4399,24900,INR,2026-08-10T21:32:00,CUST1077,refunded,card
ORD4649,120000,INR,2026-08-10T21:54:00,CUST1124,paid,upi
ORD4845,34900,INR,2026-08-10T21:55:00,CUST1329,paid,upi
ORD4675,399900,INR,2026-08-11T08:13:00,CUST1321,paid,netbanking
ORD4496,29900,INR,2026-08-11T08:20:00,CUST1156,paid,upi
ORD4532,45050,INR,2026-08-11T08:54:00,CUST1105,paid,upi
ORD4812,120099,INR,2026-08-11T08:57:00,CUST1094,paid,upi
ORD4701,75000,INR,2026-08-11T09:10:00,CUST1019,paid,upi
ORD4473,399900,INR,2026-08-11T09:44:00,CUST1312,paid,upi
ORD4408,75050,INR,2026-08-11T09:56:00,CUST1310,paid,card
ORD4518,24999,INR,2026-08-11T10:30:00,CUST1277,paid,netbanking
ORD4084,59950,INR,2026-08-11T10:44:00,CUST1383,paid,card
ORD4162,399900,INR,2026-08-11T11:00:00,CUST1125,failed,wallet
ORD4487,34999,INR,2026-08-11T11:07:00,CUST1329,paid,upi
ORD4613,120000,INR,2026-08-11T11:20:00,CUST1083,paid,card
ORD4310,34999,INR,2026-08-11T11:24:00,CUST1182,paid,upi
ORD4861,45000,INR,2026-08-11T11:29:00,CUST1022,paid,upi
ORD4604,34900,INR,2026-08-11T11:36:00,CUST1188,paid,upi
ORD4284,49950,INR,2026-08-11T11:48:00,CUST1123,paid,card
ORD4364,49900,INR,2026-08-11T11:54:00,CUST1282,paid,upi
ORD4618,75000,INR,2026-08-11T11:59:00,CUST1278,paid,upi
ORD4417,899900,INR,2026-08-11T12:04:00,CUST1383,paid,netbanking
ORD4128,34900,INR,2026-08-11T12:13:00,CUST1376,paid,netbanking
ORD4381,249900,INR,2026-08-11T12:36:00,CUST1263,paid,netbanking
ORD4733,49900,INR,2026-08-11T12:36:00,CUST1179,paid,netbanking
ORD4124,899900,INR,2026-08-11T12:53:00,CUST1105,paid,card
ORD4711,24900,INR,2026-08-11T12:53:00,CUST1242,paid,card
ORD4566,29900,INR,2026-08-11T12:54:00,CUST1391,paid,netbanking
ORD4680,59900,INR,2026-08-11T13:32:00,CUST1287,paid,wallet
ORD4163,899900,INR,2026-08-11T13:34:00,CUST1160,paid,upi
ORD4858,89900,INR,2026-08-11T13:35:00,CUST1371,paid,upi
ORD4402,59900,INR,2026-08-11T13:37:00,CUST1356,paid,upi
ORD4027,120050,INR,2026-08-11T13:47:00,CUST1061,paid,upi
ORD4297,19950,INR,2026-08-11T13:52:00,CUST1048,paid,upi
ORD4403,29999,INR,2026-08-11T13:52:00,CUST1325,paid,card
ORD4689,75000,INR,2026-08-11T13:53:00,CUST1324,paid,upi
ORD4929,29999,INR,2026-08-11T14:05:00,CUST1282,paid,upi
ORD4156,899900,INR,2026-08-11T14:17:00,CUST1279,paid,upi
ORD4345,1250000,INR,2026-08-11T14:19:00,CUST1373,paid,netbanking
ORD4539,49999,INR,2026-08-11T14:22:00,CUST1145,paid,upi
ORD4559,49900,INR,2026-08-11T14:28:00,CUST1238,paid,wallet
ORD4868,45050,INR,2026-08-11T14:38:00,CUST1130,paid,wallet
ORD4416,75000,INR,2026-08-11T14:41:00,CUST1248,paid,upi
ORD4664,399900,INR,2026-08-11T14:49:00,CUST1289,paid,upi
ORD4266,49999,INR,2026-08-11T14:57:00,CUST1382,paid,upi
ORD4422,75000,INR,2026-08-11T14:59:00,CUST1001,paid,card
ORD4635,49900,INR,2026-08-11T15:01:00,CUST1079,paid,card
ORD4526,24950,INR,2026-08-11T15:12:00,CUST1256,paid,upi
ORD4963,19900,INR,2026-08-11T15:23:00,CUST1280,refunded,card
ORD4264,89950,INR,2026-08-11T15:27:00,CUST1147,paid,upi
ORD4766,249900,INR,2026-08-11T15:31:00,CUST1326,paid,card
ORD4435,24900,INR,2026-08-11T15:34:00,CUST1191,paid,upi
ORD4717,75000,INR,2026-08-11T15:51:00,CUST1179,paid,netbanking
ORD4587,120000,INR,2026-08-11T15:52:00,CUST1334,paid,upi
ORD4125,24900,INR,2026-08-11T16:00:00,CUST1248,paid,upi
ORD4919,59999,INR,2026-08-11T16:19:00,CUST1248,paid,upi
ORD4932,59900,INR,2026-08-11T16:23:00,CUST1383,paid,upi
ORD4452,45099,INR,2026-08-11T16:41:00,CUST1259,paid,upi
ORD4126,59900,INR,2026-08-11T16:43:00,CUST1109,paid,card
ORD4054,89900,INR,2026-08-11T16:47:00,CUST1288,paid,card
ORD4500,575000,INR,2026-08-11T16:51:00,CUST1012,paid,upi
ORD4182,399900,INR,2026-08-11T16:56:00,CUST1157,paid,upi
ORD4168,24950,INR,2026-08-11T17:00:00,CUST1350,paid,wallet
ORD4793,45000,INR,2026-08-11T17:13:00,CUST1178,paid,wallet
ORD4026,399900,INR,2026-08-11T17:20:00,CUST1086,paid,upi
ORD4728,120000,INR,2026-08-11T17:28:00,CUST1125,paid,upi
ORD4267,29900,INR,2026-08-11T17:36:00,CUST1086,paid,upi
ORD4906,575000,INR,2026-08-11T18:01:00,CUST1282,paid,netbanking
ORD4278,24900,INR,2026-08-11T18:05:00,CUST1170,paid,upi
ORD4777,34900,INR,2026-08-11T18:15:00,CUST1049,paid,upi
ORD4243,89900,INR,2026-08-11T18:19:00,CUST1185,paid,upi
ORD4508,29950,INR,2026-08-11T18:54:00,CUST1241,paid,upi
ORD4585,399900,INR,2026-08-11T18:56:00,CUST1224,paid,upi
ORD4962,89900,INR,2026-08-11T19:39:00,CUST1391,paid,upi
ORD4010,120000,INR,2026-08-11T19:41:00,CUST1032,paid,upi
ORD4877,75099,INR,2026-08-11T19:48:00,CUST1378,paid,upi
ORD4686,75099,INR,2026-08-11T20:16:00,CUST1206,paid,upi
ORD4545,59900,INR,2026-08-11T20:23:00,CUST1288,paid,netbanking
ORD4571,249900,INR,2026-08-11T20:24:00,CUST1062,paid,upi
ORD4998,1250000,INR,2026-08-11T20:35:00,CUST1324,paid,wallet
ORD4879,120000,INR,2026-08-11T20:45:00,CUST1315,paid,card
ORD4024,120000,INR,2026-08-11T20:52:00,CUST1113,paid,upi
ORD4773,24900,INR,2026-08-11T20:59:00,CUST1150,paid,upi
ORD4631,29900,INR,2026-08-11T21:00:00,CUST1143,paid,upi
ORD4441,59900,INR,2026-08-11T21:04:00,CUST1202,paid,upi
ORD4096,59950,INR,2026-08-11T21:12:00,CUST1034,paid,upi
ORD4337,29900,INR,2026-08-11T21:15:00,CUST1242,paid,upi
ORD4883,45099,INR,2026-08-11T21:16:00,CUST1238,paid,card
ORD4651,59900,INR,2026-08-11T21:24:00,CUST1130,paid,upi
ORD4654,59900,INR,2026-08-11T21:26:00,CUST1272,paid,card
ORD4893,75000,INR,2026-08-11T21:36:00,CUST1174,paid,upi
ORD4033,249900,INR,2026-08-11T21:37:00,CUST1023,paid,card
ORD4188,59999,INR,2026-08-11T21:42:00,CUST1165,paid,upi
ORD4503,59900,INR,2026-08-11T21:50:00,CUST1353,paid,card
ORD4595,45000,INR,2026-08-12T08:00:00,CUST1114,paid,netbanking
ORD4764,75000,INR,2026-08-12T08:05:00,CUST1128,paid,upi
ORD4687,59999,INR,2026-08-12T08:06:00,CUST1396,paid,netbanking
ORD4763,59999,INR,2026-08-12T08:16:00,CUST1344,paid,netbanking
ORD4577,59950,INR,2026-08-12T08:30:00,CUST1158,paid,upi
ORD4167,899900,INR,2026-08-12T08:38:00,CUST1091,paid,card
ORD4781,45000,INR,2026-08-12T08:49:00,CUST1213,paid,upi
ORD4674,75000,INR,2026-08-12T08:59:00,CUST1280,paid,upi
ORD4942,34900,INR,2026-08-12T09:20:00,CUST1157,paid,upi
ORD4597,89900,INR,2026-08-12T09:23:00,CUST1154,paid,upi
ORD4225,120000,INR,2026-08-12T09:34:00,CUST1044,paid,upi
ORD4276,75000,INR,2026-08-12T09:41:00,CUST1004,paid,card
ORD4979,59950,INR,2026-08-12T09:47:00,CUST1020,paid,card
ORD4570,75000,INR,2026-08-12T09:54:00,CUST1338,paid,card
ORD4981,49900,INR,2026-08-12T09:56:00,CUST1137,paid,upi
ORD4219,45099,INR,2026-08-12T10:02:00,CUST1225,paid,upi
ORD4059,75099,INR,2026-08-12T10:06:00,CUST1300,paid,wallet
ORD4461,49900,INR,2026-08-12T10:40:00,CUST1052,paid,upi
ORD4514,49999,INR,2026-08-12T10:41:00,CUST1005,paid,upi
ORD4530,249900,INR,2026-08-12T10:41:00,CUST1192,paid,card
ORD4335,1250000,INR,2026-08-12T11:42:00,CUST1064,paid,upi
ORD4257,59950,INR,2026-08-12T11:44:00,CUST1226,paid,upi
ORD4779,89900,INR,2026-08-12T11:44:00,CUST1072,paid,upi
ORD4930,75050,INR,2026-08-12T12:10:00,CUST1353,paid,card
ORD4582,59999,INR,2026-08-12T12:12:00,CUST1030,paid,upi
ORD4797,19999,INR,2026-08-12T12:14:00,CUST1302,paid,upi
ORD4286,59900,INR,2026-08-12T12:23:00,CUST1207,paid,card
ORD4424,34999,INR,2026-08-12T12:23:00,CUST1079,paid,upi
ORD4640,45099,INR,2026-08-12T12:26:00,CUST1283,paid,upi
ORD4890,49999,INR,2026-08-12T12:27:00,CUST1027,paid,card
ORD4083,24999,INR,2026-08-12T12:37:00,CUST1372,paid,card
ORD4975,19900,INR,2026-08-12T12:48:00,CUST1330,paid,netbanking
ORD4682,49900,INR,2026-08-12T12:51:00,CUST1316,paid,upi
ORD4368,29950,INR,2026-08-12T13:14:00,CUST1319,paid,card
ORD4684,34900,INR,2026-08-12T13:38:00,CUST1109,paid,upi
ORD4627,59900,INR,2026-08-12T13:48:00,CUST1031,paid,card
ORD4719,899900,INR,2026-08-12T13:52:00,CUST1270,paid,upi
ORD4520,899900,INR,2026-08-12T14:02:00,CUST1383,paid,netbanking
ORD4344,120000,INR,2026-08-12T14:16:00,CUST1260,paid,upi
ORD4497,34900,INR,2026-08-12T14:18:00,CUST1100,paid,card
ORD4785,575000,INR,2026-08-12T14:23:00,CUST1003,paid,upi
ORD4896,45000,INR,2026-08-12T14:27:00,CUST1143,paid,upi
ORD4721,89900,INR,2026-08-12T15:08:00,CUST1161,paid,upi
ORD4841,29900,INR,2026-08-12T15:09:00,CUST1073,paid,card
ORD4462,59900,INR,2026-08-12T15:15:00,CUST1020,paid,card
ORD4922,24999,INR,2026-08-12T15:23:00,CUST1154,paid,upi
ORD4954,59900,INR,2026-08-12T15:41:00,CUST1322,paid,card
ORD4849,29900,INR,2026-08-12T16:23:00,CUST1016,paid,card
ORD4747,19900,INR,2026-08-12T16:36:00,CUST1383,paid,upi
ORD4690,899900,INR,2026-08-12T16:37:00,CUST1182,paid,upi
ORD4213,24999,INR,2026-08-12T16:42:00,CUST1198,paid,upi
ORD4724,45000,INR,2026-08-12T16:42:00,CUST1160,paid,card
ORD4784,45099,INR,2026-08-12T16:48:00,CUST1233,paid,card
ORD4772,24900,INR,2026-08-12T16:55:00,CUST1083,paid,card
ORD4292,19900,INR,2026-08-12T16:58:00,CUST1320,paid,wallet
ORD4633,34900,INR,2026-08-12T17:16:00,CUST1037,paid,upi
ORD4761,89950,INR,2026-08-12T17:16:00,CUST1289,paid,upi
ORD4148,19950,INR,2026-08-12T17:20:00,CUST1118,paid,upi
ORD4606,49900,INR,2026-08-12T17:32:00,CUST1275,paid,upi
ORD4085,59900,INR,2026-08-12T17:38:00,CUST1087,paid,upi
ORD4283,575000,INR,2026-08-12T17:46:00,CUST1144,paid,netbanking
ORD4758,59900,INR,2026-08-12T18:00:00,CUST1390,paid,upi
ORD4119,19900,INR,2026-08-12T18:09:00,CUST1106,paid,upi
ORD4152,899900,INR,2026-08-12T18:24:00,CUST1138,paid,upi
ORD4363,59999,INR,2026-08-12T18:25:00,CUST1037,paid,upi
ORD4859,120099,INR,2026-08-12T18:30:00,CUST1231,paid,card
ORD4319,75000,INR,2026-08-12T18:54:00,CUST1181,paid,upi
ORD4079,29999,INR,2026-08-12T19:04:00,CUST1378,paid,upi
ORD4158,19900,INR,2026-08-12T19:29:00,CUST1092,paid,upi
ORD4348,120000,INR,2026-08-12T19:43:00,CUST1259,paid,upi
ORD4274,575000,INR,2026-08-12T19:50:00,CUST1276,paid,upi
ORD4282,89999,INR,2026-08-12T19:54:00,CUST1241,paid,upi
ORD4629,49950,INR,2026-08-12T20:00:00,CUST1013,paid,upi
ORD4218,75000,INR,2026-08-12T20:05:00,CUST1167,paid,wallet
ORD4524,249900,INR,2026-08-12T20:22:00,CUST1229,paid,upi
ORD4985,89950,INR,2026-08-12T20:40:00,CUST1117,paid,card
ORD4143,29950,INR,2026-08-12T20:51:00,CUST1172,paid,upi
ORD4309,45050,INR,2026-08-12T20:52:00,CUST1200,paid,card
ORD4055,29900,INR,2026-08-12T21:04:00,CUST1358,paid,upi
ORD4706,34999,INR,2026-08-12T21:05:00,CUST1089,paid,card
ORD4780,19900,INR,2026-08-12T21:08:00,CUST1310,paid,upi
ORD4298,34950,INR,2026-08-12T21:23:00,CUST1324,paid,card
ORD4111,59999,INR,2026-08-12T21:26:00,CUST1348,paid,upi
ORD4798,899900,INR,2026-08-12T21:33:00,CUST1020,paid,upi
ORD4846,120099,INR,2026-08-12T21:35:00,CUST1031,paid,upi
ORD4410,24900,INR,2026-08-12T21:58:00,CUST1191,paid,netbanking
ORD4206,75000,INR,2026-08-12T21:59:00,CUST1324,paid,card
ORD4153,59999,INR,2026-08-13T08:20:00,CUST1067,paid,upi
ORD4179,19900,INR,2026-08-13T08:23:00,CUST1107,paid,netbanking
ORD4816,120050,INR,2026-08-13T08:45:00,CUST1181,paid,upi
ORD4547,399900,INR,2026-08-13T08:46:00,CUST1387,paid,upi
ORD4614,120050,INR,2026-08-13T08:46:00,CUST1165,paid,card
ORD4032,89900,INR,2026-08-13T08:47:00,CUST1116,paid,upi
ORD4489,45050,INR,2026-08-13T08:57:00,CUST1250,paid,upi
ORD4224,24950,INR,2026-08-13T09:10:00,CUST1147,paid,upi
ORD4242,89999,INR,2026-08-13T09:10:00,CUST1084,refunded,upi
ORD4259,34950,INR,2026-08-13T09:18:00,CUST1113,paid,upi
ORD4739,24999,INR,2026-08-13T09:31:00,CUST1021,paid,upi
ORD4730,19900,INR,2026-08-13T09:38:00,CUST1343,paid,upi
ORD4608,19900,INR,2026-08-13T09:46:00,CUST1397,paid,upi
ORD4867,34999,INR,2026-08-13T09:46:00,CUST1252,paid,upi
ORD4853,34950,INR,2026-08-13T09:51:00,CUST1246,paid,netbanking
ORD4715,34999,INR,2026-08-13T09:56:00,CUST1170,paid,netbanking
ORD4482,45000,INR,2026-08-13T10:18:00,CUST1145,paid,card
ORD4838,24999,INR,2026-08-13T10:25:00,CUST1136,paid,upi
ORD4904,89950,INR,2026-08-13T10:32:00,CUST1399,paid,upi
ORD4695,120099,INR,2026-08-13T10:33:00,CUST1069,paid,upi
ORD4063,49950,INR,2026-08-13T10:36:00,CUST1073,paid,card
ORD4262,120000,INR,2026-08-13T10:48:00,CUST1176,paid,card
ORD4195,75000,INR,2026-08-13T10:52:00,CUST1256,paid,netbanking
ORD4693,399900,INR,2026-08-13T10:56:00,CUST1216,paid,upi
ORD4104,34900,INR,2026-08-13T11:06:00,CUST1059,paid,upi
ORD4217,49900,INR,2026-08-13T11:16:00,CUST1360,paid,upi
ORD4876,575000,INR,2026-08-13T11:30:00,CUST1368,paid,upi
ORD4457,120000,INR,2026-08-13T11:39:00,CUST1091,paid,upi
ORD4330,59900,INR,2026-08-13T11:41:00,CUST1118,paid,netbanking
ORD4122,59900,INR,2026-08-13T12:05:00,CUST1348,paid,card
ORD4215,24950,INR,2026-08-13T12:07:00,CUST1075,paid,upi
ORD4263,34900,INR,2026-08-13T12:09:00,CUST1285,paid,netbanking
ORD4256,899900,INR,2026-08-13T12:35:00,CUST1074,paid,upi
ORD4412,45099,INR,2026-08-13T12:37:00,CUST1308,paid,upi
ORD4783,120000,INR,2026-08-13T12:42:00,CUST1363,paid,upi
ORD4210,59900,INR,2026-08-13T12:44:00,CUST1082,paid,upi
ORD4495,89900,INR,2026-08-13T12:44:00,CUST1182,paid,upi
ORD4268,49999,INR,2026-08-13T13:03:00,CUST1208,paid,upi
ORD4575,34900,INR,2026-08-13T13:11:00,CUST1131,paid,netbanking
ORD4237,249900,INR,2026-08-13T13:33:00,CUST1034,paid,upi
ORD4741,19900,INR,2026-08-13T13:38:00,CUST1121,paid,wallet
ORD4280,120000,INR,2026-08-13T13:45:00,CUST1357,paid,card
ORD4127,575000,INR,2026-08-13T13:53:00,CUST1224,paid,upi
ORD4829,24999,INR,2026-08-13T14:06:00,CUST1178,paid,card
ORD4623,59900,INR,2026-08-13T14:51:00,CUST1113,paid,upi
ORD4820,45050,INR,2026-08-13T15:10:00,CUST1037,paid,upi
ORD4121,19900,INR,2026-08-13T15:11:00,CUST1051,paid,card
ORD4708,59900,INR,2026-08-13T15:16:00,CUST1396,paid,card
ORD4996,1250000,INR,2026-08-13T15:35:00,CUST1190,paid,upi
ORD4978,24950,INR,2026-08-13T15:36:00,CUST1272,paid,card
ORD4293,45000,INR,2026-08-13T15:43:00,CUST1264,paid,card
ORD4984,49900,INR,2026-08-13T16:07:00,CUST1273,paid,upi
ORD4740,34900,INR,2026-08-13T16:19:00,CUST1342,paid,upi
ORD4334,59999,INR,2026-08-13T16:29:00,CUST1309,paid,card
ORD4679,59999,INR,2026-08-13T16:36:00,CUST1328,paid,upi
ORD4636,29900,INR,2026-08-13T16:40:00,CUST1296,paid,card
ORD4933,45000,INR,2026-08-13T16:45:00,CUST1371,paid,upi
ORD4522,75000,INR,2026-08-13T16:52:00,CUST1045,paid,upi
ORD4414,34900,INR,2026-08-13T16:59:00,CUST1034,paid,wallet
ORD4499,29900,INR,2026-08-13T16:59:00,CUST1067,paid,card
ORD4207,89999,INR,2026-08-13T17:05:00,CUST1347,paid,upi
ORD4757,29950,INR,2026-08-13T17:19:00,CUST1378,paid,card
ORD4000,120050,INR,2026-08-13T17:34:00,CUST1033,paid,card
ORD4995,24900,INR,2026-08-13T17:37:00,CUST1216,paid,upi
ORD4304,19900,INR,2026-08-13T18:04:00,CUST1094,paid,wallet
ORD4738,24900,INR,2026-08-13T18:10:00,CUST1042,paid,upi
ORD4844,89950,INR,2026-08-13T18:16:00,CUST1197,paid,card
ORD4189,249900,INR,2026-08-13T18:25:00,CUST1013,paid,card
ORD4619,59900,INR,2026-08-13T18:41:00,CUST1190,paid,upi
ORD4790,75000,INR,2026-08-13T18:49:00,CUST1132,paid,upi
ORD4716,24950,INR,2026-08-13T18:50:00,CUST1341,paid,upi
ORD4475,399900,INR,2026-08-13T20:01:00,CUST1332,paid,upi
ORD4373,249900,INR,2026-08-13T20:17:00,CUST1189,paid,upi
ORD4252,59900,INR,2026-08-13T20:38:00,CUST1205,paid,card
ORD4596,49900,INR,2026-08-13T20:39:00,CUST1148,paid,upi
ORD4801,19900,INR,2026-08-13T21:07:00,CUST1066,paid,upi
ORD4851,89950,INR,2026-08-13T21:12:00,CUST1280,paid,upi
ORD4983,89950,INR,2026-08-13T21:19:00,CUST1183,paid,upi
ORD4699,59999,INR,2026-08-13T21:26:00,CUST1339,paid,card
ORD4271,49900,INR,2026-08-13T21:29:00,CUST1278,paid,card
ORD4261,59900,INR,2026-08-13T21:34:00,CUST1152,paid,upi
ORD4120,89999,INR,2026-08-13T21:35:00,CUST1274,paid,upi
ORD4061,45050,INR,2026-08-13T21:44:00,CUST1299,paid,card
ORD4290,249900,INR,2026-08-13T21:50:00,CUST1037,paid,netbanking
ORD4865,249900,INR,2026-08-14T08:00:00,CUST1008,paid,upi
ORD4014,89900,INR,2026-08-14T08:04:00,CUST1208,paid,wallet
ORD4131,249900,INR,2026-08-14T08:11:00,CUST1150,paid,card
ORD4525,45000,INR,2026-08-14T08:19:00,CUST1175,paid,upi
ORD4137,49900,INR,2026-08-14T08:29:00,CUST1266,paid,card
ORD4529,29900,INR,2026-08-14T08:33:00,CUST1349,paid,upi
ORD4638,24900,INR,2026-08-14T08:40:00,CUST1234,paid,upi
ORD4949,49999,INR,2026-08-14T08:44:00,CUST1225,paid,upi
ORD4527,34950,INR,2026-08-14T08:50:00,CUST1162,paid,netbanking
ORD4907,59900,INR,2026-08-14T08:52:00,CUST1187,paid,upi
ORD4583,75000,INR,2026-08-14T08:56:00,CUST1354,paid,upi
ORD4378,49900,INR,2026-08-14T08:58:00,CUST1227,paid,upi
ORD4161,45000,INR,2026-08-14T09:08:00,CUST1309,paid,upi
ORD4830,45000,INR,2026-08-14T09:11:00,CUST1255,paid,card
ORD4049,89950,INR,2026-08-14T09:29:00,CUST1375,paid,card
ORD4073,575000,INR,2026-08-14T09:33:00,CUST1188,paid,card
ORD4678,75000,INR,2026-08-14T09:50:00,CUST1206,paid,upi
ORD4589,45000,INR,2026-08-14T10:01:00,CUST1118,paid,card
ORD4068,19900,INR,2026-08-14T10:11:00,CUST1023,paid,upi
ORD4273,249900,INR,2026-08-14T10:14:00,CUST1088,paid,card
ORD4318,899900,INR,2026-08-14T10:51:00,CUST1122,paid,upi
ORD4308,75099,INR,2026-08-14T11:08:00,CUST1226,paid,card
ORD4980,249900,INR,2026-08-14T11:36:00,CUST1313,paid,upi
ORD4505,75000,INR,2026-08-14T11:43:00,CUST1348,paid,card
ORD4555,49900,INR,2026-08-14T11:44:00,CUST1309,paid,upi
ORD4463,899900,INR,2026-08-14T11:48:00,CUST1302,paid,card
ORD4657,75099,INR,2026-08-14T11:48:00,CUST1206,paid,upi
ORD4659,899900,INR,2026-08-14T11:56:00,CUST1303,paid,upi
ORD4395,45000,INR,2026-08-14T12:03:00,CUST1333,paid,wallet
ORD4735,24950,INR,2026-08-14T12:04:00,CUST1133,paid,netbanking
ORD4458,19900,INR,2026-08-14T12:09:00,CUST1369,paid,upi
ORD4469,34900,INR,2026-08-14T12:14:00,CUST1184,paid,card
ORD4172,120099,INR,2026-08-14T12:17:00,CUST1174,paid,upi
ORD4946,575000,INR,2026-08-14T12:21:00,CUST1254,paid,upi
ORD4198,49900,INR,2026-08-14T12:22:00,CUST1155,paid,upi
ORD4915,575000,INR,2026-08-14T12:33:00,CUST1216,paid,upi
ORD4221,59900,INR,2026-08-14T12:34:00,CUST1087,paid,upi
ORD4637,19900,INR,2026-08-14T12:40:00,CUST1168,paid,upi
ORD4891,1250000,INR,2026-08-14T12:46:00,CUST1209,paid,upi
ORD4609,59900,INR,2026-08-14T12:48:00,CUST1336,paid,upi
ORD4621,29900,INR,2026-08-14T12:49:00,CUST1018,paid,card
ORD4240,45000,INR,2026-08-14T12:52:00,CUST1158,paid,card
ORD4311,899900,INR,2026-08-14T12:53:00,CUST1396,paid,card
ORD4760,45000,INR,2026-08-14T13:01:00,CUST1364,paid,upi
ORD4855,24900,INR,2026-08-14T13:07:00,CUST1140,paid,upi
ORD4644,34999,INR,2026-08-14T13:14:00,CUST1005,paid,card
ORD4782,575000,INR,2026-08-14T13:18:00,CUST1279,paid,wallet
ORD4401,19999,INR,2026-08-14T13:20:00,CUST1230,paid,upi
ORD4423,575000,INR,2026-08-14T13:21:00,CUST1381,paid,upi
ORD4476,75000,INR,2026-08-14T13:21:00,CUST1350,paid,upi
ORD4216,120099,INR,2026-08-14T13:43:00,CUST1341,paid,wallet
ORD4725,34900,INR,2026-08-14T13:54:00,CUST1374,paid,upi
ORD4192,120099,INR,2026-08-14T13:57:00,CUST1265,paid,upi
ORD4134,29950,INR,2026-08-14T14:28:00,CUST1358,paid,card
ORD4884,120099,INR,2026-08-14T14:29:00,CUST1297,paid,upi
ORD4480,29999,INR,2026-08-14T14:34:00,CUST1376,paid,netbanking
ORD4135,575000,INR,2026-08-14T14:51:00,CUST1220,paid,wallet
ORD4704,19900,INR,2026-08-14T14:57:00,CUST1319,paid,upi
ORD4447,49950,INR,2026-08-14T15:14:00,CUST1233,paid,card
ORD4106,19900,INR,2026-08-14T15:15:00,CUST1176,paid,card
ORD4315,24900,INR,2026-08-14T15:15:00,CUST1009,paid,upi
ORD4030,45050,INR,2026-08-14T15:22:00,CUST1018,paid,card
ORD4136,89900,INR,2026-08-14T15:30:00,CUST1147,paid,upi
ORD4936,120000,INR,2026-08-14T15:34:00,CUST1058,paid,upi
ORD4917,24900,INR,2026-08-14T15:56:00,CUST1059,paid,upi
ORD4903,29999,INR,2026-08-14T16:02:00,CUST1031,paid,upi
ORD4626,29900,INR,2026-08-14T16:08:00,CUST1168,paid,upi
ORD4920,34900,INR,2026-08-14T16:11:00,CUST1010,paid,upi
ORD4183,29999,INR,2026-08-14T16:12:00,CUST1220,paid,netbanking
ORD4208,575000,INR,2026-08-14T16:20:00,CUST1216,paid,netbanking
ORD4807,575000,INR,2026-08-14T16:31:00,CUST1105,paid,upi
ORD4685,49999,INR,2026-08-14T16:42:00,CUST1169,paid,card
ORD4445,34900,INR,2026-08-14T16:48:00,CUST1275,paid,upi
ORD4564,120050,INR,2026-08-14T16:55:00,CUST1161,paid,upi
ORD4015,19900,INR,2026-08-14T17:16:00,CUST1070,paid,upi
ORD4040,19950,INR,2026-08-14T17:33:00,CUST1000,paid,upi
ORD4464,34900,INR,2026-08-14T17:38:00,CUST1365,paid,card
ORD4289,89950,INR,2026-08-14T17:56:00,CUST1379,paid,card
ORD4856,75000,INR,2026-08-14T18:06:00,CUST1228,paid,netbanking
ORD4994,75000,INR,2026-08-14T18:23:00,CUST1148,paid,card
ORD4934,59950,INR,2026-08-14T18:27:00,CUST1031,paid,card
ORD4824,19950,INR,2026-08-14T18:31:00,CUST1175,paid,upi
ORD4420,34900,INR,2026-08-14T18:37:00,CUST1264,paid,card
ORD4702,120099,INR,2026-08-14T18:38:00,CUST1172,paid,card
ORD4076,29900,INR,2026-08-14T18:46:00,CUST1335,paid,upi
ORD4355,29999,INR,2026-08-14T18:50:00,CUST1370,paid,netbanking
ORD4768,575000,INR,2026-08-14T18:54:00,CUST1183,paid,card
ORD4407,49950,INR,2026-08-14T19:12:00,CUST1234,paid,netbanking
ORD4247,899900,INR,2026-08-14T19:30:00,CUST1368,paid,card
ORD4647,59900,INR,2026-08-14T19:45:00,CUST1352,paid,upi
ORD4558,29900,INR,2026-08-14T19:47:00,CUST1342,paid,upi
ORD4166,45000,INR,2026-08-14T19:54:00,CUST1103,paid,upi
ORD4743,1250000,INR,2026-08-14T19:54:00,CUST1124,paid,upi
ORD4966,49999,INR,2026-08-14T20:02:00,CUST1323,paid,upi
ORD4854,89900,INR,2026-08-14T20:17:00,CUST1146,paid,upi
ORD4871,45000,INR,2026-08-14T20:36:00,CUST1339,paid,upi
ORD4560,19900,INR,2026-08-14T20:42:00,CUST1034,paid,upi
ORD4434,75099,INR,2026-08-14T20:47:00,CUST1009,paid,netbanking
ORD4535,899900,INR,2026-08-14T21:30:00,CUST1384,paid,upi
ORD4037,19900,INR,2026-08-14T21:34:00,CUST1062,paid,upi
ORD4541,34950,INR,2026-08-14T21:42:00,CUST1145,paid,wallet
ORD4669,59999,INR,2026-08-15T08:24:00,CUST1182,paid,netbanking
ORD4151,75000,INR,2026-08-15T08:32:00,CUST1177,paid,upi
ORD4863,24900,INR,2026-08-15T08:35:00,CUST1030,paid,upi
ORD4549,45000,INR,2026-08-15T09:00:00,CUST1289,paid,upi
ORD4006,34900,INR,2026-08-15T09:02:00,CUST1223,paid,wallet
ORD4107,24999,INR,2026-08-15T09:03:00,CUST1053,paid,card
ORD4878,75000,INR,2026-08-15T09:06:00,CUST1353,paid,upi
ORD4806,1250000,INR,2026-08-15T09:14:00,CUST1171,paid,card
ORD4959,34950,INR,2026-08-15T09:21:00,CUST1032,paid,upi
ORD4765,1250000,INR,2026-08-15T09:23:00,CUST1187,paid,upi
ORD4913,34999,INR,2026-08-15T09:27:00,CUST1341,paid,netbanking
ORD4603,399900,INR,2026-08-15T09:30:00,CUST1065,paid,wallet
ORD4105,45000,INR,2026-08-15T09:38:00,CUST1238,paid,wallet
ORD4072,59900,INR,2026-08-15T09:56:00,CUST1270,paid,upi
ORD4023,120000,INR,2026-08-15T10:20:00,CUST1193,paid,upi
ORD4909,34950,INR,2026-08-15T10:23:00,CUST1172,paid,card
ORD4069,24900,INR,2026-08-15T10:27:00,CUST1149,paid,upi
ORD4170,49950,INR,2026-08-15T10:37:00,CUST1191,paid,upi
ORD4100,34900,INR,2026-08-15T10:54:00,CUST1087,paid,upi
ORD4396,34999,INR,2026-08-15T10:56:00,CUST1326,paid,upi
ORD4873,19950,INR,2026-08-15T11:07:00,CUST1028,paid,upi
ORD4939,1250000,INR,2026-08-15T11:08:00,CUST1223,paid,wallet
ORD4327,59900,INR,2026-08-15T11:24:00,CUST1045,paid,upi
ORD4652,19900,INR,2026-08-15T11:24:00,CUST1194,paid,netbanking
ORD4444,249900,INR,2026-08-15T11:30:00,CUST1240,paid,card
ORD4746,34900,INR,2026-08-15T11:40:00,CUST1022,paid,wallet
ORD4260,575000,INR,2026-08-15T11:47:00,CUST1396,paid,card
ORD4474,19900,INR,2026-08-15T11:54:00,CUST1300,paid,upi
ORD4957,399900,INR,2026-08-15T12:02:00,CUST1054,paid,upi
ORD4944,575000,INR,2026-08-15T12:06:00,CUST1198,paid,upi
ORD4753,575000,INR,2026-08-15T12:28:00,CUST1055,paid,upi
ORD4796,89950,INR,2026-08-15T12:41:00,CUST1284,failed,upi
ORD4567,29900,INR,2026-08-15T12:57:00,CUST1181,paid,upi
ORD4400,45099,INR,2026-08-15T13:04:00,CUST1204,paid,upi
ORD4862,19900,INR,2026-08-15T13:21:00,CUST1383,paid,wallet
ORD4787,49900,INR,2026-08-15T13:24:00,CUST1023,paid,upi
ORD4393,120099,INR,2026-08-15T13:38:00,CUST1390,paid,upi
ORD4912,120000,INR,2026-08-15T13:48:00,CUST1215,paid,card
ORD4193,1250000,INR,2026-08-15T13:49:00,CUST1377,paid,netbanking
ORD4956,24900,INR,2026-08-15T14:05:00,CUST1027,paid,card
ORD4989,29900,INR,2026-08-15T14:07:00,CUST1268,paid,upi
ORD4180,19999,INR,2026-08-15T14:18:00,CUST1160,paid,card
ORD4584,59950,INR,2026-08-15T14:26:00,CUST1115,paid,upi
ORD4573,24900,INR,2026-08-15T14:27:00,CUST1099,paid,upi
ORD4655,899900,INR,2026-08-15T14:51:00,CUST1107,paid,upi
ORD4413,34950,INR,2026-08-15T14:53:00,CUST1121,paid,wallet
ORD4748,19950,INR,2026-08-15T15:00:00,CUST1134,paid,upi
ORD4288,75099,INR,2026-08-15T15:03:00,CUST1308,paid,card
ORD4888,24950,INR,2026-08-15T15:14:00,CUST1178,paid,card
ORD4147,45050,INR,2026-08-15T15:29:00,CUST1271,paid,upi
ORD4455,49900,INR,2026-08-15T15:33:00,CUST1042,paid,wallet
ORD4710,75000,INR,2026-08-15T15:34:00,CUST1175,paid,netbanking
ORD4272,75000,INR,2026-08-15T15:36:00,CUST1366,paid,upi
ORD4045,89950,INR,2026-08-15T15:38:00,CUST1022,paid,card
ORD4628,29900,INR,2026-08-15T15:53:00,CUST1202,paid,wallet
ORD4987,75000,INR,2026-08-15T16:17:00,CUST1040,paid,card
ORD4269,75050,INR,2026-08-15T16:18:00,CUST1086,paid,wallet
ORD4374,120050,INR,2026-08-15T16:19:00,CUST1050,paid,card
ORD4367,399900,INR,2026-08-15T16:21:00,CUST1175,paid,upi
ORD4901,29950,INR,2026-08-15T16:40:00,CUST1332,paid,upi
ORD4169,24950,INR,2026-08-15T16:44:00,CUST1225,paid,upi
ORD4641,75000,INR,2026-08-15T16:46:00,CUST1070,paid,upi
ORD4916,75000,INR,2026-08-15T16:59:00,CUST1044,paid,card
ORD4248,120000,INR,2026-08-15T17:03:00,CUST1123,paid,card
ORD4200,89950,INR,2026-08-15T17:14:00,CUST1217,paid,card
ORD4924,19900,INR,2026-08-15T17:14:00,CUST1229,paid,card
ORD4118,24900,INR,2026-08-15T17:19:00,CUST1024,paid,upi
ORD4050,120000,INR,2026-08-15T17:34:00,CUST1120,paid,upi
ORD4925,49900,INR,2026-08-15T18:25:00,CUST1097,paid,upi
ORD4774,29950,INR,2026-08-15T18:29:00,CUST1280,paid,upi
ORD4439,120000,INR,2026-08-15T18:41:00,CUST1147,paid,upi
ORD4857,75050,INR,2026-08-15T18:44:00,CUST1364,paid,netbanking
ORD4749,29900,INR,2026-08-15T18:55:00,CUST1011,paid,card
ORD4554,24900,INR,2026-08-15T19:00:00,CUST1148,paid,upi
ORD4471,59900,INR,2026-08-15T19:14:00,CUST1359,paid,upi
ORD4211,59950,INR,2026-08-15T19:31:00,CUST1209,paid,upi
ORD4375,45099,INR,2026-08-15T19:45:00,CUST1115,paid,wallet
ORD4729,49900,INR,2026-08-15T19:58:00,CUST1327,paid,upi
ORD4392,19900,INR,2026-08-15T20:05:00,CUST1225,paid,upi
ORD4295,75099,INR,2026-08-15T20:18:00,CUST1159,paid,card
ORD4113,75050,INR,2026-08-15T20:26:00,CUST1086,paid,upi
ORD4372,24900,INR,2026-08-15T20:59:00,CUST1005,paid,upi
ORD4594,45099,INR,2026-08-15T21:09:00,CUST1093,paid,card
ORD4616,24950,INR,2026-08-15T21:15:00,CUST1326,paid,card
ORD4590,899900,INR,2026-08-15T21:18:00,CUST1096,paid,upi
ORD4443,24900,INR,2026-08-15T21:36:00,CUST1380,paid,upi
ORD4770,89900,INR,2026-08-15T21:40:00,CUST1123,paid,upi
ORD4052,24950,INR,2026-08-15T21:54:00,CUST1145,paid,netbanking
ORD4769,34900,INR,2026-08-16T08:12:00,CUST1262,paid,upi
ORD4388,89950,INR,2026-08-16T08:28:00,CUST1167,paid,upi
ORD4051,24950,INR,2026-08-16T08:33:00,CUST1012,paid,upi
ORD4639,399900,INR,2026-08-16T08:33:00,CUST1388,paid,upi
ORD4254,29900,INR,2026-08-16T08:41:00,CUST1350,paid,upi
ORD4935,24900,INR,2026-08-16T08:44:00,CUST1396,paid,card
ORD4230,49900,INR,2026-08-16T08:51:00,CUST1121,paid,upi
ORD4044,59900,INR,2026-08-16T09:08:00,CUST1021,paid,card
ORD4885,19900,INR,2026-08-16T09:22:00,CUST1312,paid,card
ORD4688,249900,INR,2026-08-16T09:29:00,CUST1117,paid,card
ORD4012,59900,INR,2026-08-16T10:01:00,CUST1314,paid,upi
ORD4031,120099,INR,2026-08-16T10:12:00,CUST1367,paid,upi
ORD4249,29999,INR,2026-08-16T10:20:00,CUST1220,paid,upi
ORD4825,19900,INR,2026-08-16T10:24:00,CUST1143,paid,upi
ORD4312,24900,INR,2026-08-16T10:41:00,CUST1164,paid,wallet
ORD4112,59999,INR,2026-08-16T10:53:00,CUST1094,paid,upi
ORD4870,24999,INR,2026-08-16T10:58:00,CUST1264,paid,wallet
ORD4176,34900,INR,2026-08-16T11:04:00,CUST1060,paid,upi
ORD4822,120000,INR,2026-08-16T11:24:00,CUST1212,paid,wallet
ORD4048,19900,INR,2026-08-16T11:27:00,CUST1286,paid,upi
ORD4185,120000,INR,2026-08-16T11:32:00,CUST1049,paid,upi
ORD4430,75000,INR,2026-08-16T11:48:00,CUST1190,paid,card
ORD4902,45099,INR,2026-08-16T11:49:00,CUST1105,paid,upi
ORD4591,399900,INR,2026-08-16T12:20:00,CUST1356,paid,netbanking
ORD4056,49999,INR,2026-08-16T12:23:00,CUST1042,paid,upi
ORD4154,249900,INR,2026-08-16T12:26:00,CUST1102,paid,upi
ORD4080,59900,INR,2026-08-16T13:06:00,CUST1021,paid,netbanking
ORD4742,59900,INR,2026-08-16T13:28:00,CUST1279,failed,upi
ORD4720,24900,INR,2026-08-16T13:31:00,CUST1373,paid,upi
ORD4578,29950,INR,2026-08-16T13:35:00,CUST1348,paid,card
ORD4821,89999,INR,2026-08-16T13:38:00,CUST1141,paid,card
ORD4251,45099,INR,2026-08-16T13:57:00,CUST1116,paid,upi
ORD4974,34999,INR,2026-08-16T14:13:00,CUST1010,paid,upi
ORD4016,899900,INR,2026-08-16T14:29:00,CUST1304,paid,card
ORD4071,120050,INR,2026-08-16T14:31:00,CUST1278,paid,upi
ORD4910,34950,INR,2026-08-16T14:32:00,CUST1194,paid,upi
ORD4882,59900,INR,2026-08-16T14:43:00,CUST1399,paid,upi
ORD4488,399900,INR,2026-08-16T14:46:00,CUST1270,paid,card
ORD4540,29999,INR,2026-08-16T14:47:00,CUST1304,paid,card
ORD4047,89900,INR,2026-08-16T15:01:00,CUST1036,paid,card
ORD4923,34900,INR,2026-08-16T15:35:00,CUST1325,paid,upi
ORD4449,1250000,INR,2026-08-16T15:36:00,CUST1065,paid,upi
ORD4947,19950,INR,2026-08-16T15:51:00,CUST1086,paid,card
ORD4130,59950,INR,2026-08-16T15:57:00,CUST1017,paid,wallet
ORD4057,899900,INR,2026-08-16T16:15:00,CUST1082,paid,netbanking
ORD4681,75000,INR,2026-08-16T16:30:00,CUST1174,paid,netbanking
ORD4866,24950,INR,2026-08-16T17:03:00,CUST1094,paid,upi
ORD4767,899900,INR,2026-08-16T17:12:00,CUST1372,paid,netbanking
ORD4008,249900,INR,2026-08-16T17:14:00,CUST1310,paid,netbanking
ORD4543,120000,INR,2026-08-16T17:27:00,CUST1076,paid,upi
ORD4755,29900,INR,2026-08-16T17:27:00,CUST1021,paid,upi
ORD4250,59900,INR,2026-08-16T17:36:00,CUST1384,paid,upi
ORD4615,89950,INR,2026-08-16T17:41:00,CUST1155,paid,wallet
ORD4222,29999,INR,2026-08-16T18:00:00,CUST1106,paid,card
ORD4811,24950,INR,2026-08-16T18:11:00,CUST1109,paid,upi
ORD4305,249900,INR,2026-08-16T18:22:00,CUST1356,paid,netbanking
ORD4479,29900,INR,2026-08-16T18:23:00,CUST1367,paid,upi
ORD4043,49900,INR,2026-08-16T18:24:00,CUST1168,paid,upi
ORD4517,34950,INR,2026-08-16T18:28:00,CUST1090,paid,netbanking
ORD4694,34999,INR,2026-08-16T18:31:00,CUST1170,paid,upi
ORD4722,120000,INR,2026-08-16T18:35:00,CUST1311,paid,upi
ORD4504,89900,INR,2026-08-16T18:58:00,CUST1129,paid,upi
ORD4937,120099,INR,2026-08-16T19:08:00,CUST1112,paid,upi
ORD4666,34900,INR,2026-08-16T19:15:00,CUST1031,paid,card
ORD4142,19950,INR,2026-08-16T19:16:00,CUST1345,paid,upi
ORD4831,19900,INR,2026-08-16T19:16:00,CUST1142,paid,upi
ORD4611,24900,INR,2026-08-16T19:25:00,CUST1226,paid,card
ORD4064,34950,INR,2026-08-16T19:30:00,CUST1334,paid,card
ORD4354,75000,INR,2026-08-16T19:31:00,CUST1299,paid,upi
ORD4058,89950,INR,2026-08-16T19:36:00,CUST1205,paid,upi
ORD4398,49950,INR,2026-08-16T19:38:00,CUST1301,paid,card
ORD4574,59900,INR,2026-08-16T19:41:00,CUST1033,paid,card
ORD4095,49900,INR,2026-08-16T19:48:00,CUST1209,paid,card
ORD4177,89900,INR,2026-08-16T19:55:00,CUST1190,paid,upi
ORD4646,34900,INR,2026-08-16T20:05:00,CUST1256,paid,upi
ORD4832,249900,INR,2026-08-16T20:36:00,CUST1361,paid,card
ORD4850,24950,INR,2026-08-16T20:39:00,CUST1331,paid,upi
ORD4662,34999,INR,2026-08-16T21:03:00,CUST1048,paid,upi
ORD4322,34900,INR,2026-08-16T21:04:00,CUST1224,paid,card
ORD4196,19900,INR,2026-08-16T21:13:00,CUST1196,paid,upi
ORD4737,29950,INR,2026-08-16T21:24:00,CUST1148,paid,upi
ORD4970,19999,INR,2026-08-16T21:26:00,CUST1335,paid,upi
ORD4433,120050,INR,2026-08-16T21:27:00,CUST1192,paid,wallet
ORD4485,45000,INR,2026-08-16T21:35:00,CUST1019,paid,netbanking
ORD4270,49950,INR,2026-08-17T08:07:00,CUST1264,paid,upi
ORD4732,34900,INR,2026-08-17T08:18:00,CUST1179,paid,card
ORD4839,89999,INR,2026-08-17T08:29:00,CUST1031,paid,card
ORD4164,75099,INR,2026-08-17T08:47:00,CUST1275,paid,upi
ORD4077,399900,INR,2026-08-17T09:06:00,CUST1330,paid,netbanking
ORD4091,29900,INR,2026-08-17T09:36:00,CUST1045,paid,upi
ORD4948,29900,INR,2026-08-17T10:13:00,CUST1301,paid,upi
ORD4140,59900,INR,2026-08-17T10:15:00,CUST1308,paid,netbanking
ORD4150,45000,INR,2026-08-17T10:17:00,CUST1038,paid,upi
ORD4199,75000,INR,2026-08-17T10:36:00,CUST1343,paid,upi
ORD4418,19900,INR,2026-08-17T10:53:00,CUST1390,paid,card
ORD4650,75000,INR,2026-08-17T10:58:00,CUST1399,paid,upi
ORD4982,34950,INR,2026-08-17T11:00:00,CUST1040,paid,wallet
ORD4969,19999,INR,2026-08-17T11:02:00,CUST1162,paid,upi
ORD4803,249900,INR,2026-08-17T11:09:00,CUST1188,paid,card
ORD4090,34900,INR,2026-08-17T11:12:00,CUST1330,paid,card
ORD4752,75000,INR,2026-08-17T11:16:00,CUST1039,paid,upi
ORD4203,75000,INR,2026-08-17T11:24:00,CUST1316,paid,upi
ORD4339,24900,INR,2026-08-17T12:04:00,CUST1031,paid,card
ORD4074,45000,INR,2026-08-17T12:42:00,CUST1173,paid,card
ORD4467,34900,INR,2026-08-17T12:44:00,CUST1241,paid,wallet
ORD4436,34999,INR,2026-08-17T12:49:00,CUST1244,paid,netbanking
ORD4528,120000,INR,2026-08-17T12:51:00,CUST1279,paid,upi
ORD4658,75000,INR,2026-08-17T12:53:00,CUST1101,paid,upi
ORD4900,75050,INR,2026-08-17T13:01:00,CUST1240,paid,upi
ORD4814,89900,INR,2026-08-17T13:05:00,CUST1000,paid,netbanking
ORD4700,49900,INR,2026-08-17T13:20:00,CUST1112,paid,upi
ORD4714,75000,INR,2026-08-17T13:22:00,CUST1087,paid,card
ORD4245,575000,INR,2026-08-17T13:38:00,CUST1377,paid,upi
ORD4977,34900,INR,2026-08-17T13:39:00,CUST1235,paid,wallet
ORD4713,34900,INR,2026-08-17T13:44:00,CUST1212,paid,wallet
ORD4349,120050,INR,2026-08-17T13:47:00,CUST1262,paid,card
ORD4133,34900,INR,2026-08-17T14:02:00,CUST1227,paid,upi
ORD4926,75050,INR,2026-08-17T14:08:00,CUST1068,paid,upi
ORD4507,120099,INR,2026-08-17T14:37:00,CUST1154,paid,netbanking
ORD4301,19950,INR,2026-08-17T14:42:00,CUST1011,paid,netbanking
ORD4087,89999,INR,2026-08-17T14:52:00,CUST1254,paid,upi
ORD4202,45099,INR,2026-08-17T15:01:00,CUST1351,paid,netbanking
ORD4819,45000,INR,2026-08-17T15:03:00,CUST1028,paid,card
ORD4519,75000,INR,2026-08-17T15:05:00,CUST1371,paid,upi
ORD4102,19950,INR,2026-08-17T15:11:00,CUST1208,paid,upi
ORD4617,59900,INR,2026-08-17T15:17:00,CUST1138,paid,upi
ORD4253,89950,INR,2026-08-17T15:24:00,CUST1242,paid,card
ORD4145,120099,INR,2026-08-17T15:33:00,CUST1265,paid,upi
ORD4834,24900,INR,2026-08-17T15:45:00,CUST1047,paid,card
ORD4592,59950,INR,2026-08-17T15:53:00,CUST1331,refunded,netbanking
ORD4874,24900,INR,2026-08-17T16:09:00,CUST1190,paid,upi
ORD4081,89900,INR,2026-08-17T16:17:00,CUST1206,paid,netbanking
ORD4369,59900,INR,2026-08-17T16:18:00,CUST1037,paid,upi
ORD4099,34900,INR,2026-08-17T16:23:00,CUST1132,paid,card
ORD4411,49900,INR,2026-08-17T16:29:00,CUST1000,paid,card
ORD4544,19900,INR,2026-08-17T16:31:00,CUST1166,paid,card
ORD4082,49950,INR,2026-08-17T16:51:00,CUST1057,paid,netbanking
ORD4002,59900,INR,2026-08-17T16:53:00,CUST1077,paid,upi
ORD4786,899900,INR,2026-08-17T17:12:00,CUST1174,paid,upi
ORD4149,49999,INR,2026-08-17T17:39:00,CUST1059,paid,card
ORD4277,1250000,INR,2026-08-17T18:27:00,CUST1055,paid,card
ORD4419,120000,INR,2026-08-17T18:27:00,CUST1310,paid,upi
ORD4039,249900,INR,2026-08-17T18:36:00,CUST1127,paid,card
ORD4622,575000,INR,2026-08-17T18:39:00,CUST1337,paid,card
ORD4938,75000,INR,2026-08-17T18:50:00,CUST1388,paid,upi
ORD4035,45000,INR,2026-08-17T19:07:00,CUST1268,paid,card
ORD4454,24950,INR,2026-08-17T19:12:00,CUST1151,paid,wallet
ORD4968,120000,INR,2026-08-17T19:17:00,CUST1010,paid,upi
ORD4605,89900,INR,2026-08-17T19:29:00,CUST1291,paid,upi
ORD4744,29900,INR,2026-08-17T19:42:00,CUST1313,paid,card
ORD4967,59950,INR,2026-08-17T19:56:00,CUST1169,paid,upi
ORD4204,59900,INR,2026-08-17T20:11:00,CUST1073,paid,netbanking
ORD4238,59900,INR,2026-08-17T20:15:00,CUST1242,paid,upi
ORD4835,49950,INR,2026-08-17T20:17:00,CUST1216,paid,netbanking
ORD4291,29900,INR,2026-08-17T20:28:00,CUST1365,paid,netbanking
ORD4826,49900,INR,2026-08-17T20:29:00,CUST1239,paid,upi
ORD4911,899900,INR,2026-08-17T20:35:00,CUST1304,paid,upi
ORD4997,575000,INR,2026-08-17T20:45:00,CUST1165,paid,upi
ORD4951,34950,INR,2026-08-17T20:51:00,CUST1192,paid,upi
ORD4813,29900,INR,2026-08-17T20:54:00,CUST1152,paid,upi
ORD4336,899900,INR,2026-08-17T20:55:00,CUST1197,paid,upi
ORD4964,59900,INR,2026-08-17T20:56:00,CUST1246,paid,upi
ORD4572,24900,INR,2026-08-17T21:04:00,CUST1152,paid,upi
ORD4756,45050,INR,2026-08-17T21:36:00,CUST1083,paid,netbanking
ORD4011,249900,INR,2026-08-17T21:40:00,CUST1034,paid,upi
ORD4869,89900,INR,2026-08-17T21:49:00,CUST1238,paid,card
ORD4299,34900,INR,2026-08-18T08:00:00,CUST1146,paid,upi
ORD4943,59900,INR,2026-08-18T08:00:00,CUST1116,paid,netbanking
ORD4750,59900,INR,2026-08-18T08:03:00,CUST1131,paid,card
ORD4727,59950,INR,2026-08-18T08:06:00,CUST1399,paid,card
ORD4157,29900,INR,2026-08-18T08:11:00,CUST1361,paid,upi
ORD4864,29900,INR,2026-08-18T08:12:00,CUST1027,paid,upi
ORD4258,120000,INR,2026-08-18T08:16:00,CUST1197,paid,upi
ORD4065,249900,INR,2026-08-18T08:30:00,CUST1204,paid,netbanking
ORD4491,45000,INR,2026-08-18T08:37:00,CUST1071,paid,card
ORD4565,45000,INR,2026-08-18T08:49:00,CUST1019,paid,upi
ORD4928,89950,INR,2026-08-18T08:50:00,CUST1241,paid,upi
ORD4394,45050,INR,2026-08-18T09:18:00,CUST1263,paid,upi
ORD4550,34900,INR,2026-08-18T10:03:00,CUST1028,paid,upi
ORD4144,19900,INR,2026-08-18T10:17:00,CUST1030,paid,upi
ORD4799,45000,INR,2026-08-18T10:44:00,CUST1092,paid,card
ORD4468,29900,INR,2026-08-18T11:02:00,CUST1168,paid,upi
ORD4894,89900,INR,2026-08-18T11:03:00,CUST1214,paid,netbanking
ORD4511,24900,INR,2026-08-18T11:10:00,CUST1147,paid,card
ORD4880,575000,INR,2026-08-18T11:19:00,CUST1290,paid,card
ORD4300,575000,INR,2026-08-18T11:22:00,CUST1076,paid,card
ORD4160,59950,INR,2026-08-18T11:24:00,CUST1013,paid,upi
ORD4194,59900,INR,2026-08-18T11:28:00,CUST1252,paid,card
ORD4265,575000,INR,2026-08-18T11:28:00,CUST1045,paid,upi
ORD4588,59900,INR,2026-08-18T11:30:00,CUST1080,paid,netbanking
ORD4350,45000,INR,2026-08-18T12:25:00,CUST1309,paid,card
ORD4165,75050,INR,2026-08-18T12:28:00,CUST1304,paid,upi
ORD4833,49999,INR,2026-08-18T12:45:00,CUST1239,paid,card
ORD4671,24999,INR,2026-08-18T12:48:00,CUST1001,paid,card
ORD4490,89900,INR,2026-08-18T12:50:00,CUST1219,paid,upi
ORD4800,29999,INR,2026-08-18T13:24:00,CUST1264,paid,upi
ORD4178,24999,INR,2026-08-18T13:25:00,CUST1165,paid,upi
ORD4333,59900,INR,2026-08-18T13:44:00,CUST1224,paid,upi
ORD4425,49999,INR,2026-08-18T13:52:00,CUST1290,paid,upi
ORD4036,1250000,INR,2026-08-18T14:03:00,CUST1064,paid,upi
ORD4580,45000,INR,2026-08-18T14:04:00,CUST1399,paid,netbanking
ORD4191,75099,INR,2026-08-18T14:18:00,CUST1293,paid,upi
ORD4227,120050,INR,2026-08-18T14:45:00,CUST1358,paid,upi
ORD4003,24900,INR,2026-08-18T14:47:00,CUST1302,paid,card
ORD4287,24900,INR,2026-08-18T14:52:00,CUST1375,paid,upi
ORD4296,34999,INR,2026-08-18T15:21:00,CUST1274,paid,upi
ORD4409,75000,INR,2026-08-18T15:22:00,CUST1131,paid,upi
ORD4377,29900,INR,2026-08-18T15:43:00,CUST1312,paid,upi
ORD4181,34950,INR,2026-08-18T15:47:00,CUST1299,paid,upi
ORD4921,45000,INR,2026-08-18T15:57:00,CUST1399,paid,card
ORD4132,19900,INR,2026-08-18T16:03:00,CUST1141,paid,card
ORD4190,24900,INR,2026-08-18T16:15:00,CUST1240,paid,upi
ORD4386,45000,INR,2026-08-18T16:17:00,CUST1180,paid,netbanking
ORD4672,75050,INR,2026-08-18T16:18:00,CUST1118,paid,upi
ORD4214,24950,INR,2026-08-18T16:20:00,CUST1160,paid,upi
ORD4536,75099,INR,2026-08-18T16:26:00,CUST1139,paid,upi
ORD4836,120050,INR,2026-08-18T16:26:00,CUST1363,paid,upi
ORD4788,59950,INR,2026-08-18T16:37:00,CUST1366,paid,wallet
ORD4346,34900,INR,2026-08-18T16:48:00,CUST1370,paid,upi
ORD4538,19900,INR,2026-08-18T16:52:00,CUST1005,paid,wallet
ORD4317,49900,INR,2026-08-18T17:19:00,CUST1067,paid,card
ORD4212,19999,INR,2026-08-18T17:23:00,CUST1103,paid,upi
ORD4726,45000,INR,2026-08-18T17:34:00,CUST1234,paid,upi
ORD4552,45000,INR,2026-08-18T18:09:00,CUST1253,paid,upi
ORD4843,89999,INR,2026-08-18T18:12:00,CUST1033,paid,upi
ORD4600,89999,INR,2026-08-18T18:14:00,CUST1198,paid,upi
ORD4389,19900,INR,2026-08-18T18:16:00,CUST1286,paid,card
ORD4630,75050,INR,2026-08-18T18:37:00,CUST1332,paid,upi
ORD4088,75000,INR,2026-08-18T18:45:00,CUST1372,paid,card
ORD4707,34950,INR,2026-08-18T19:00:00,CUST1112,paid,card
ORD4229,49900,INR,2026-08-18T19:20:00,CUST1108,paid,upi
ORD4432,120000,INR,2026-08-18T19:29:00,CUST1178,paid,card
ORD4285,49900,INR,2026-08-18T19:34:00,CUST1397,paid,card
ORD4828,75000,INR,2026-08-18T19:34:00,CUST1268,paid,upi
ORD4931,120099,INR,2026-08-18T19:41:00,CUST1327,paid,card
ORD4114,59950,INR,2026-08-18T19:48:00,CUST1087,paid,upi
ORD4326,89950,INR,2026-08-18T20:05:00,CUST1053,paid,upi
ORD4141,45000,INR,2026-08-18T20:06:00,CUST1255,paid,card
ORD4691,89900,INR,2026-08-18T20:16:00,CUST1106,paid,card
ORD4470,899900,INR,2026-08-18T20:34:00,CUST1349,paid,upi
ORD4174,120099,INR,2026-08-18T20:55:00,CUST1316,paid,upi
ORD4038,45000,INR,2026-08-18T21:07:00,CUST1003,paid,card
ORD4097,75000,INR,2026-08-18T21:27:00,CUST1234,paid,upi
ORD4427,89950,INR,2026-08-18T21:46:00,CUST1059,paid,upi
ORD4438,399900,INR,2026-08-19T08:00:00,CUST1217,paid,card
ORD4092,34999,INR,2026-08-19T08:01:00,CUST1275,paid,upi
ORD4501,34900,INR,2026-08-19T08:02:00,CUST1132,paid,upi
ORD4239,75000,INR,2026-08-19T08:03:00,CUST1345,paid,upi
ORD4325,34900,INR,2026-08-19T08:09:00,CUST1086,paid,upi
ORD4428,120050,INR,2026-08-19T08:44:00,CUST1332,paid,netbanking
ORD4001,45099,INR,2026-08-19T08:58:00,CUST1367,paid,upi
ORD4232,34900,INR,2026-08-19T09:34:00,CUST1207,paid,upi
ORD4123,49950,INR,2026-08-19T09:41:00,CUST1228,paid,card
ORD4226,24900,INR,2026-08-19T09:56:00,CUST1322,paid,card
ORD4086,575000,INR,2026-08-19T10:12:00,CUST1015,paid,card
ORD4307,19900,INR,2026-08-19T10:14:00,CUST1248,failed,card
ORD4201,49900,INR,2026-08-19T10:40:00,CUST1274,paid,upi
ORD4512,75099,INR,2026-08-19T10:54:00,CUST1125,paid,netbanking
ORD4593,120099,INR,2026-08-19T11:09:00,CUST1190,paid,upi
ORD4370,34900,INR,2026-08-19T11:16:00,CUST1320,paid,upi
ORD4537,34950,INR,2026-08-19T11:23:00,CUST1180,paid,upi
ORD4404,75050,INR,2026-08-19T11:35:00,CUST1106,paid,upi
ORD4466,59900,INR,2026-08-19T11:38:00,CUST1269,paid,upi
ORD4990,89900,INR,2026-08-19T11:39:00,CUST1289,paid,card
ORD4546,45050,INR,2026-08-19T12:12:00,CUST1003,paid,upi
ORD4360,19900,INR,2026-08-19T12:31:00,CUST1366,paid,upi
ORD4053,120099,INR,2026-08-19T12:51:00,CUST1122,paid,upi
ORD4331,24900,INR,2026-08-19T12:52:00,CUST1317,paid,upi
ORD4062,19900,INR,2026-08-19T12:56:00,CUST1195,paid,upi
ORD4205,29900,INR,2026-08-19T13:06:00,CUST1276,paid,upi
ORD4668,45099,INR,2026-08-19T13:19:00,CUST1223,paid,upi
ORD4971,19900,INR,2026-08-19T13:20:00,CUST1374,paid,wallet
ORD4429,120050,INR,2026-08-19T13:23:00,CUST1208,paid,upi
ORD4306,59900,INR,2026-08-19T13:32:00,CUST1147,paid,card
ORD4459,89999,INR,2026-08-19T13:36:00,CUST1262,paid,upi
ORD4941,59950,INR,2026-08-19T13:42:00,CUST1362,paid,upi
ORD4642,34900,INR,2026-08-19T13:51:00,CUST1315,paid,card
ORD4046,75000,INR,2026-08-19T14:03:00,CUST1355,paid,upi
ORD4576,49999,INR,2026-08-19T14:14:00,CUST1142,paid,upi
ORD4352,45000,INR,2026-08-19T14:16:00,CUST1232,paid,wallet
ORD4321,45000,INR,2026-08-19T14:20:00,CUST1299,paid,card
ORD4347,575000,INR,2026-08-19T14:29:00,CUST1073,paid,card
ORD4101,19900,INR,2026-08-19T14:32:00,CUST1086,paid,upi
ORD4234,399900,INR,2026-08-19T14:42:00,CUST1218,paid,upi
ORD4385,899900,INR,2026-08-19T14:44:00,CUST1192,paid,upi
ORD4494,24950,INR,2026-08-19T15:05:00,CUST1127,paid,card
ORD4376,49900,INR,2026-08-19T15:19:00,CUST1059,paid,upi
ORD4437,89999,INR,2026-08-19T15:34:00,CUST1252,paid,upi
ORD4129,59900,INR,2026-08-19T15:59:00,CUST1319,paid,wallet
ORD4792,399900,INR,2026-08-19T16:17:00,CUST1378,paid,card
ORD4602,34999,INR,2026-08-19T16:22:00,CUST1028,paid,upi
ORD4446,24900,INR,2026-08-19T16:25:00,CUST1013,paid,upi
ORD4683,59950,INR,2026-08-19T16:49:00,CUST1104,paid,card
ORD4236,29900,INR,2026-08-19T17:09:00,CUST1086,paid,wallet
ORD4950,75000,INR,2026-08-19T18:00:00,CUST1169,paid,upi
ORD4020,49950,INR,2026-08-19T18:08:00,CUST1180,paid,upi
ORD4660,59950,INR,2026-08-19T18:36:00,CUST1344,paid,card
ORD4645,49999,INR,2026-08-19T19:01:00,CUST1261,paid,card
ORD4021,19999,INR,2026-08-19T19:17:00,CUST1346,paid,upi
ORD4692,1250000,INR,2026-08-19T19:18:00,CUST1285,paid,upi
ORD4351,249900,INR,2026-08-19T19:20:00,CUST1197,paid,netbanking
ORD4353,399900,INR,2026-08-19T19:39:00,CUST1299,paid,netbanking
ORD4515,45000,INR,2026-08-19T19:45:00,CUST1259,paid,upi
ORD4992,49900,INR,2026-08-19T19:59:00,CUST1374,paid,upi
ORD4960,49999,INR,2026-08-19T20:44:00,CUST1132,paid,upi
ORD4313,34900,INR,2026-08-19T20:51:00,CUST1203,paid,card
ORD4776,45000,INR,2026-08-19T21:56:00,CUST1351,paid,wallet
ORD4089,34950,INR,2026-08-20T08:06:00,CUST1320,paid,upi
ORD4110,120050,INR,2026-08-20T08:24:00,CUST1150,paid,upi
ORD4778,89900,INR,2026-08-20T08:27:00,CUST1116,paid,upi
ORD4762,24999,INR,2026-08-20T08:41:00,CUST1399,paid,upi
ORD4999,1250000,INR,2026-08-20T08:48:00,CUST1345,paid,upi
ORD4116,19950,INR,2026-08-20T08:56:00,CUST1375,paid,upi
ORD4805,75000,INR,2026-08-20T08:58:00,CUST1391,paid,upi
ORD4294,45050,INR,2026-08-20T09:00:00,CUST1325,paid,card
ORD4067,399900,INR,2026-08-20T09:13:00,CUST1397,paid,netbanking
ORD4513,1250000,INR,2026-08-20T09:34:00,CUST1120,paid,upi
ORD4029,120000,INR,2026-08-20T09:51:00,CUST1265,paid,upi
ORD4379,49999,INR,2026-08-20T10:09:00,CUST1110,paid,upi
ORD4146,29999,INR,2026-08-20T10:18:00,CUST1396,paid,upi
ORD4159,29900,INR,2026-08-20T10:19:00,CUST1077,paid,upi
ORD4472,45000,INR,2026-08-20T10:22:00,CUST1237,paid,upi
ORD4993,1250000,INR,2026-08-20T11:14:00,CUST1378,paid,upi
ORD4840,249900,INR,2026-08-20T11:25:00,CUST1141,paid,upi
ORD4477,24900,INR,2026-08-20T11:40:00,CUST1181,paid,wallet
ORD4562,24900,INR,2026-08-20T11:52:00,CUST1091,paid,netbanking
ORD4875,29999,INR,2026-08-20T12:11:00,CUST1252,paid,card
ORD4808,34900,INR,2026-08-20T12:48:00,CUST1038,paid,netbanking
ORD4246,45000,INR,2026-08-20T12:50:00,CUST1333,paid,upi
ORD4235,75099,INR,2026-08-20T12:51:00,CUST1145,paid,upi
ORD4117,34950,INR,2026-08-20T13:23:00,CUST1053,paid,card
ORD4171,120000,INR,2026-08-20T13:37:00,CUST1174,paid,netbanking
ORD4745,45000,INR,2026-08-20T13:41:00,CUST1003,paid,card
ORD4492,29900,INR,2026-08-20T13:43:00,CUST1223,paid,upi
ORD4426,34999,INR,2026-08-20T13:51:00,CUST1043,paid,upi
ORD4483,49900,INR,2026-08-20T13:51:00,CUST1218,paid,upi
ORD4362,19900,INR,2026-08-20T14:00:00,CUST1285,paid,upi
ORD4837,24950,INR,2026-08-20T14:00:00,CUST1073,paid,netbanking
ORD4848,49900,INR,2026-08-20T14:18:00,CUST1086,paid,upi
ORD4827,34999,INR,2026-08-20T14:56:00,CUST1097,paid,card
ORD4815,29900,INR,2026-08-20T15:31:00,CUST1001,paid,card
ORD4506,1250000,INR,2026-08-20T15:36:00,CUST1218,paid,netbanking
ORD4736,49950,INR,2026-08-20T15:44:00,CUST1189,paid,upi
ORD4244,49999,INR,2026-08-20T15:59:00,CUST1222,paid,card
ORD4017,89900,INR,2026-08-20T16:06:00,CUST1368,paid,upi
ORD4586,89900,INR,2026-08-20T16:14:00,CUST1060,paid,upi
ORD4405,49900,INR,2026-08-20T16:20:00,CUST1274,paid,card
ORD4887,24900,INR,2026-08-20T16:32:00,CUST1271,paid,upi
ORD4209,59950,INR,2026-08-20T16:47:00,CUST1092,paid,upi
ORD4109,75000,INR,2026-08-20T16:57:00,CUST1179,paid,card
ORD4241,19900,INR,2026-08-20T17:05:00,CUST1098,paid,wallet
ORD4754,59900,INR,2026-08-20T17:19:00,CUST1089,paid,upi
ORD4632,1250000,INR,2026-08-20T17:23:00,CUST1218,paid,upi
ORD4316,249900,INR,2026-08-20T17:26:00,CUST1319,paid,wallet
ORD4075,75099,INR,2026-08-20T17:34:00,CUST1367,paid,upi
ORD4847,59900,INR,2026-08-20T18:52:00,CUST1232,paid,upi
ORD4718,19999,INR,2026-08-20T18:57:00,CUST1073,paid,upi
ORD4899,19900,INR,2026-08-20T19:01:00,CUST1230,paid,upi
ORD4009,49999,INR,2026-08-20T19:10:00,CUST1291,paid,netbanking
ORD4892,29900,INR,2026-08-20T19:26:00,CUST1346,paid,upi
ORD4341,249900,INR,2026-08-20T19:39:00,CUST1215,paid,netbanking
ORD4186,249900,INR,2026-08-20T19:44:00,CUST1385,paid,upi
ORD4406,49900,INR,2026-08-20T19:47:00,CUST1320,paid,upi
ORD4302,45050,INR,2026-08-20T19:49:00,CUST1063,paid,upi
ORD4599,34999,INR,2026-08-20T19:55:00,CUST1118,paid,card
ORD4391,75050,INR,2026-08-20T20:01:00,CUST1085,paid,card
ORD4025,29950,INR,2026-08-20T20:17:00,CUST1049,paid,card
ORD4677,899900,INR,2026-08-20T20:30:00,CUST1216,paid,netbanking
ORD4314,34999,INR,2026-08-20T21:13:00,CUST1301,paid,upi
ORD4324,49950,INR,2026-08-20T21:15:00,CUST1038,paid,upi
ORD4860,49950,INR,2026-08-20T21:17:00,CUST1375,paid,upi
ORD4007,59999,INR,2026-08-20T21:19:00,CUST1299,paid,upi
ORD4653,45000,INR,2026-08-20T21:24:00,CUST1045,paid,card
ORD4197,59900,INR,2026-08-20T21:46:00,CUST1090,paid,upi
ORD4523,75050,INR,2026-08-21T08:11:00,CUST1200,paid,upi
ORD4066,399900,INR,2026-08-21T08:29:00,CUST1397,paid,card
ORD4731,29950,INR,2026-08-21T08:32:00,CUST1391,paid,wallet
ORD4965,59900,INR,2026-08-21T08:58:00,CUST1248,paid,wallet
ORD4908,49900,INR,2026-08-21T08:59:00,CUST1301,paid,upi
ORD4601,575000,INR,2026-08-21T09:13:00,CUST1178,paid,upi
ORD4323,34999,INR,2026-08-21T09:16:00,CUST1142,paid,upi
ORD4343,45099,INR,2026-08-21T09:20:00,CUST1194,paid,card
ORD4625,75000,INR,2026-08-21T09:22:00,CUST1247,paid,netbanking
ORD4042,49900,INR,2026-08-21T09:32:00,CUST1179,paid,upi
ORD4456,89999,INR,2026-08-21T09:32:00,CUST1050,paid,upi
ORD4568,29900,INR,2026-08-21T09:32:00,CUST1303,paid,card
ORD4328,34900,INR,2026-08-21T09:35:00,CUST1044,paid,upi
ORD4155,24900,INR,2026-08-21T09:44:00,CUST1354,paid,wallet
ORD4897,120000,INR,2026-08-21T09:48:00,CUST1195,paid,card
ORD4648,1250000,INR,2026-08-21T09:51:00,CUST1071,paid,upi
ORD4255,89900,INR,2026-08-21T09:52:00,CUST1304,paid,upi
ORD4383,59900,INR,2026-08-21T09:57:00,CUST1074,paid,card
ORD4521,24900,INR,2026-08-21T10:05:00,CUST1179,paid,card
ORD4889,75099,INR,2026-08-21T10:16:00,CUST1267,paid,netbanking
ORD4973,19950,INR,2026-08-21T10:35:00,CUST1050,paid,card
ORD4451,89999,INR,2026-08-21T10:44:00,CUST1137,paid,card
ORD4972,19900,INR,2026-08-21T10:44:00,CUST1197,paid,card
ORD4667,89900,INR,2026-08-21T11:02:00,CUST1358,paid,upi
ORD4556,24900,INR,2026-08-21T11:07:00,CUST1331,paid,upi
ORD4534,89900,INR,2026-08-21T11:09:00,CUST1354,paid,card
ORD4723,49950,INR,2026-08-21T11:09:00,CUST1069,paid,card
ORD4366,49900,INR,2026-08-21T11:24:00,CUST1183,paid,netbanking
ORD4789,29999,INR,2026-08-21T11:48:00,CUST1105,paid,upi
ORD4898,29900,INR,2026-08-21T11:51:00,CUST1363,paid,upi
ORD4018,45099,INR,2026-08-21T11:59:00,CUST1173,paid,upi
ORD4953,120000,INR,2026-08-21T11:59:00,CUST1313,paid,upi
ORD4842,49900,INR,2026-08-21T12:03:00,CUST1371,paid,upi
ORD4516,89950,INR,2026-08-21T12:08:00,CUST1164,paid,card
ORD4734,899900,INR,2026-08-21T12:12:00,CUST1027,paid,upi
ORD4872,34900,INR,2026-08-21T12:13:00,CUST1011,paid,netbanking
ORD4991,120000,INR,2026-08-21T12:28:00,CUST1306,paid,card
ORD4415,45000,INR,2026-08-21T12:46:00,CUST1241,paid,upi
ORD4448,49950,INR,2026-08-21T12:51:00,CUST1026,paid,card
ORD4380,24950,INR,2026-08-21T12:56:00,CUST1292,paid,upi
ORD4187,49950,INR,2026-08-21T13:04:00,CUST1323,paid,netbanking
ORD4329,1250000,INR,2026-08-21T13:04:00,CUST1072,paid,card
ORD4794,45000,INR,2026-08-21T13:11:00,CUST1268,paid,upi
ORD4624,575000,INR,2026-08-21T13:39:00,CUST1280,paid,upi
ORD4431,19900,INR,2026-08-21T13:48:00,CUST1106,paid,upi
ORD4958,120000,INR,2026-08-21T13:55:00,CUST1065,paid,upi
ORD4440,29900,INR,2026-08-21T13:58:00,CUST1210,paid,upi
ORD4342,29999,INR,2026-08-21T14:03:00,CUST1332,paid,upi
ORD4771,575000,INR,2026-08-21T14:08:00,CUST1179,paid,upi
ORD4698,49900,INR,2026-08-21T14:16:00,CUST1081,paid,card
ORD4098,19900,INR,2026-08-21T14:28:00,CUST1189,failed,upi
ORD4220,120050,INR,2026-08-21T14:32:00,CUST1220,paid,wallet
ORD4486,75050,INR,2026-08-21T14:54:00,CUST1150,paid,card
ORD4465,29900,INR,2026-08-21T15:29:00,CUST1091,paid,netbanking
ORD4952,19950,INR,2026-08-21T15:50:00,CUST1028,paid,card
ORD4663,89900,INR,2026-08-21T16:06:00,CUST1342,paid,netbanking
ORD4795,249900,INR,2026-08-21T16:44:00,CUST1212,paid,upi
ORD4610,34900,INR,2026-08-21T16:47:00,CUST1216,paid,upi
ORD4852,45000,INR,2026-08-21T16:57:00,CUST1149,paid,card
ORD4384,899900,INR,2026-08-21T17:10:00,CUST1168,paid,upi
ORD4561,24900,INR,2026-08-21T17:32:00,CUST1253,paid,upi
ORD4478,49950,INR,2026-08-21T17:42:00,CUST1381,paid,upi
ORD4421,249900,INR,2026-08-21T17:55:00,CUST1283,paid,upi
ORD4358,24999,INR,2026-08-21T18:11:00,CUST1334,paid,upi
ORD4817,29900,INR,2026-08-21T18:14:00,CUST1000,paid,upi
ORD4173,45050,INR,2026-08-21T18:15:00,CUST1171,paid,upi
ORD4533,29900,INR,2026-08-21T18:17:00,CUST1259,paid,upi
ORD4359,45000,INR,2026-08-21T18:22:00,CUST1332,paid,card
ORD4078,45000,INR,2026-08-21T18:38:00,CUST1159,paid,upi
ORD4927,899900,INR,2026-08-21T18:54:00,CUST1144,paid,card
ORD4673,45099,INR,2026-08-21T18:58:00,CUST1249,paid,card
ORD4531,24900,INR,2026-08-21T19:02:00,CUST1334,paid,card
ORD4498,249900,INR,2026-08-21T19:03:00,CUST1366,paid,upi
ORD4905,29900,INR,2026-08-21T19:21:00,CUST1126,paid,card
ORD4676,59950,INR,2026-08-21T19:31:00,CUST1050,paid,wallet
ORD4818,89900,INR,2026-08-21T19:32:00,CUST1324,paid,upi
ORD4223,19999,INR,2026-08-21T19:41:00,CUST1183,paid,card
ORD4759,49900,INR,2026-08-21T19:54:00,CUST1320,paid,upi
ORD4115,24900,INR,2026-08-21T20:01:00,CUST1307,paid,upi
ORD4696,34999,INR,2026-08-21T20:05:00,CUST1115,paid,upi
ORD4509,75099,INR,2026-08-21T20:17:00,CUST1219,refunded,upi
ORD4005,120050,INR,2026-08-21T20:58:00,CUST1068,paid,wallet
ORD4060,34900,INR,2026-08-21T21:11:00,CUST1161,paid,card
ORD4484,120000,INR,2026-08-21T21:20:00,CUST1240,paid,card
ORD4481,24900,INR,2026-08-21T21:35:00,CUST1150,paid,card
ORD4390,120050,INR,2026-08-21T21:38:00,CUST1326,paid,card
ORD4371,24900,INR,2026-08-21T21:50:00,CUST1325,paid,upi
